{
  "ticker": "AAPL",
  "features": [
    "log_return_1d",
    "log_return_5d",
    "log_return_20d",
    "ema_return_5",
    "ema_return_20",
    "realized_vol_5d",
    "realized_vol_20d",
    "vol_ratio_5_20",
    "atr_14_norm",
    "gap_log",
    "intraday_log",
    "hl_range_log",
    "volume_z_20",
    "clv",
    "body_to_range",
    "vol_ratio_5_60",
    "rolling_skew_60",
    "rolling_kurtosis_60"
  ],
  "use_regime_features": true,
  "prediction_horizon": 3,
  "seq_len": 60,
  "rows_total": 11314,
  "train_rows": 7919,
  "val_rows": 1697,
  "test_rows": 1698,
  "metrics_prediction": {
    "train": {
      "mse": 0.002953550093841473,
      "rmse": 0.05434657389239429,
      "mae": 0.03845409429383682,
      "medae": 0.02955374732290391,
      "r2": 0.002573214626631848,
      "explained_variance": 0.009142180027645108,
      "mape": 1.3493022635133034,
      "smape": 1.548767493364029,
      "ic": 0.128461573530542,
      "rank_ic": 0.10114810274275428,
      "ic_tstat": 11.482662286137895,
      "rank_ic_tstat": 9.012531924759202,
      "hit_ratio": 0.528880407124682,
      "balanced_accuracy": 0.5249317975929233,
      "resid_mean": -0.004410421985447629,
      "resid_std": 0.054170763463295475,
      "resid_skew": -1.327830102355192,
      "resid_kurtosis": 19.73502199447439,
      "resid_acf_lag1": 0.6810038340569368,
      "resid_acf_lag5": 0.04595616402997447,
      "n": 7860
    },
    "val": {
      "mse": 0.0008786501486585805,
      "rmse": 0.029642033477117937,
      "mae": 0.02238036206248647,
      "medae": 0.017439896490700917,
      "r2": -0.11395520134598414,
      "explained_variance": -0.11228151896390548,
      "mape": 2.408986870328104,
      "smape": 1.505988331500531,
      "ic": 0.03624021604687365,
      "rank_ic": 0.021944125251362346,
      "ic_tstat": 1.493004125635165,
      "rank_ic_tstat": 0.9036655287475445,
      "hit_ratio": 0.516205067766647,
      "balanced_accuracy": 0.516140065783228,
      "resid_mean": 0.001148975194966767,
      "resid_std": 0.029628487951543436,
      "resid_skew": -0.22365659099128388,
      "resid_kurtosis": 1.4283649237702942,
      "resid_acf_lag1": 0.6655662883336889,
      "resid_acf_lag5": 0.05354113046474429,
      "n": 1697
    },
    "test": {
      "mse": 0.0011068169570840531,
      "rmse": 0.033268858668190786,
      "mae": 0.02444538220586519,
      "medae": 0.018442038807096488,
      "r2": -0.057557261342803034,
      "explained_variance": -0.05753219709583024,
      "mape": 2.183944655843005,
      "smape": 1.4897190544369636,
      "ic": 0.051392481342140396,
      "rank_ic": 0.04007901185288462,
      "ic_tstat": 2.1192724677128396,
      "rank_ic_tstat": 1.6518819945158416,
      "hit_ratio": 0.5382803297997645,
      "balanced_accuracy": 0.5182295988934993,
      "resid_mean": 0.00016196205814168461,
      "resid_std": 0.03327826512443878,
      "resid_skew": -0.37657489261046717,
      "resid_kurtosis": 3.02969551281463,
      "resid_acf_lag1": 0.6448962014105707,
      "resid_acf_lag5": -0.04201963365528797,
      "n": 1698
    }
  },
  "metrics_price_prediction": null,
  "metrics_trading_test": null,
  "metrics_trading_test_net": null,
  "feature_importance": {
    "permutation": {
      "baseline_score": 0.051392481342140396,
      "metric": "ic",
      "horizon": 3,
      "csv": "/Users/delabrov/Desktop/projects/CryptoIA/CryptoIA/market-ml/results_lstm/aapl_lstm_h3/reports/aapl_feature_importance_permutation_h3.csv"
    }
  },
  "pred_deciles_csv": "/Users/delabrov/Desktop/projects/CryptoIA/CryptoIA/market-ml/results_lstm/aapl_lstm_h3/reports/aapl_pred_deciles_h3.csv",
  "model_path": "/Users/delabrov/Desktop/projects/CryptoIA/CryptoIA/market-ml/results_lstm/aapl_lstm_h3/models/aapl_lstm_h3.pt",
  "scaler_path": "/Users/delabrov/Desktop/projects/CryptoIA/CryptoIA/market-ml/results_lstm/aapl_lstm_h3/models/aapl_scaler_h3.joblib",
  "preds_path": "/Users/delabrov/Desktop/projects/CryptoIA/CryptoIA/market-ml/results_lstm/aapl_lstm_h3/preds/aapl_lstm_h3_preds.csv",
  "config": {
    "data": {
      "ticker": "AAPL",
      "start_date": null,
      "end_date": null,
      "download": true,
      "use_vix": false,
      "use_spy": false
    },
    "features": {
      "use_exog": false,
      "use_exogenous": false,
      "use_regime_features": true
    },
    "sequence": {
      "length": 60
    },
    "prediction_horizon": 1,
    "run_horizons": [
      1,
      3
    ],
    "split": {
      "train_ratio": 0.7,
      "val_ratio": 0.15,
      "test_ratio": 0.15,
      "train_end_date": null,
      "val_end_date": null
    },
    "model": {
      "hidden_size": 64,
      "num_layers": 1,
      "dropout": 0.1,
      "loss": "mse",
      "lr": 0.001,
      "weight_decay": 0.0,
      "batch_size": 64,
      "epochs": 50,
      "patience": 8,
      "grad_clip": 1.0,
      "seed": 42,
      "device": "auto",
      "verbose": true
    },
    "strategy": {
      "mode": "sign",
      "threshold": 0.0,
      "fee_bps": 0.0,
      "slippage_bps": 0.0
    },
    "outputs": {
      "root": "results_lstm",
      "run_name": "aapl_lstm"
    },
    "feature_importance": {
      "enabled": true,
      "method": "permutation",
      "metric": "ic",
      "n_repeats": 5,
      "block_size": null,
      "batch_size": 256,
      "top_n": 20,
      "horizon": 1
    },
    "rolling_sharpe_window": 63,
    "plots": {
      "price_plots_enabled": false,
      "returns_plots_enabled": true,
      "residuals_plots_enabled": true,
      "acf_max_lag": 20,
      "deciles_enabled": true,
      "deciles_n": 10,
      "smoothing_window": 5,
      "summary_split": "test"
    },
    "metrics": {
      "mape_epsilon": "1e-6"
    }
  }
}