{
  "buyhold": {
    "n_days": 2807,
    "cagr": 0.1763285368,
    "annualized_vol": 0.2880050179,
    "ann_vol": 0.2880050179,
    "sharpe": 0.7082501437,
    "max_drawdown": -0.4037062161,
    "calmar_ratio": 0.4367743913,
    "turnover": 0.0003562522,
    "n_trades": 1,
    "hit_ratio": 0.5301033131,
    "average_holding_period": 2807.0
  },
  "regime_overlay_condvol_highvol": {
    "n_days": 2807,
    "cagr": 0.2099966425,
    "annualized_vol": 0.1713633789,
    "ann_vol": 0.1713633789,
    "sharpe": 1.198092032,
    "max_drawdown": -0.1728273266,
    "calmar_ratio": 1.2150661968,
    "turnover": 0.1161318396,
    "n_trades": 1743,
    "hit_ratio": 0.5301033131,
    "average_holding_period": 2807.0
  },
  "regime_overlay_condvol_p80": {
    "n_days": 2807,
    "cagr": 0.259598238,
    "annualized_vol": 0.2107249709,
    "ann_vol": 0.2107249709,
    "sharpe": 1.2005616902,
    "max_drawdown": -0.2178284433,
    "calmar_ratio": 1.1917554663,
    "turnover": 0.1332638101,
    "n_trades": 1149,
    "hit_ratio": 0.5301033131,
    "average_holding_period": 2807.0
  },
  "regime_overlay_longonly_base": {
    "n_days": 2807,
    "cagr": 0.2680562204,
    "annualized_vol": 0.250700465,
    "ann_vol": 0.250700465,
    "sharpe": 1.0725884645,
    "max_drawdown": -0.3359743101,
    "calmar_ratio": 0.797847372,
    "turnover": 0.1444602779,
    "n_trades": 837,
    "hit_ratio": 0.5301033131,
    "average_holding_period": 2807.0
  }
}