{
  "ticker": "AAPL",
  "model_file": "aapl_rf_pup.joblib",
  "dataset_file": "aapl_dataset.parquet",
  "features": [
    "return_1d",
    "return_2d",
    "return_5d",
    "return_10d",
    "volatility_5d",
    "volatility_10d",
    "volatility_20d",
    "volume_change_1d",
    "volume_ratio_20d",
    "gap_1d",
    "range_hl_1d",
    "open_to_close_1d",
    "clv",
    "body_to_range",
    "upper_wick_ratio",
    "lower_wick_ratio",
    "range_ratio_20",
    "vix_level"
  ],
  "mu_up": 0.019680328860428684,
  "mu_down": -0.018394053406724085,
  "test_start": "2018-11-27 00:00:00+00:00",
  "metrics_classification": {
    "accuracy": 0.5151015925315761,
    "roc_auc": 0.5007686245984118,
    "log_loss": 0.6991491548089932
  },
  "metrics_expected_logret": {
    "mae": 0.013732797761765081,
    "mse": 0.00038657561678049685,
    "rmse": 0.019661526308516763,
    "r2": -0.0046093640814941494
  },
  "strategy": {
    "final_equity_strat": 7.262482909787857,
    "final_equity_buyhold": 6.064737932670606
  }
}